case_number,source_group_number,scenario,phase,arm,status,decision_correct,evidence_correct,exact_correct,direct,e2e_s,jev_s,codex_s,confidence,codex_input_tokens,codex_cached_tokens,codex_output_tokens,jev_input_tokens,jev_output_tokens
1,1,crash,dev,A,ok,1,1,1,0,10.890019666985609,0,10.887752541981172,,25474,0,23,0,0
1,1,crash,dev,B,ok,1,1,1,0,0.9039254169911146,0.9018794999574311,0,0.99,0,0,0,1000,157
2,1,crash,dev,A,ok,1,1,1,0,9.493689583032392,0,9.49268533301074,,25474,0,23,0,0
2,1,crash,dev,B,ok,1,1,1,0,1.154263791977428,1.1537981660221703,0,0.99,0,0,0,1000,157
3,2,crash,dev,A,ok,1,1,1,0,9.748011124960613,0,9.745709166978486,,25511,0,24,0,0
3,2,crash,dev,B,ok,1,1,1,0,0.8136539589613676,0.8126993749756366,0,0.97,0,0,0,1045,158
4,2,crash,dev,A,ok,1,1,1,0,12.952199374965858,0,12.950405250012409,,25511,21760,24,0,0
4,2,crash,dev,B,ok,1,1,1,0,0.8102037079515867,0.8096541250124574,0,0.97,0,0,0,1045,158
5,3,crash,dev,A,ok,1,1,1,0,8.985550999990664,0,8.98434712504968,,25531,0,23,0,0
5,3,crash,dev,B,ok,1,1,1,0,0.8334195410134271,0.8329301250050776,0,0.99,0,0,0,1067,158
6,3,crash,dev,A,ok,1,1,1,0,11.181478541984688,0,11.180124833015725,,25482,0,26,0,0
6,3,crash,dev,B,ok,1,1,1,0,1.092467584006954,1.0917275000247173,0,0.99,0,0,0,1013,161
7,4,crash,dev,A,ok,1,1,1,0,15.021138791984413,0,15.020133375015575,,25504,0,23,0,0
7,4,crash,dev,B,ok,1,1,1,0,0.9829443749622442,0.9824719579773955,0,0.99,0,0,0,1033,158
8,4,crash,dev,A,ok,1,1,1,0,8.172860250051599,0,8.171528917038813,,25504,0,23,0,0
8,4,crash,dev,B,ok,1,1,1,0,0.8774471250362694,0.8770323749631643,0,0.99,0,0,0,1035,158
9,5,crash,dev,A,ok,1,1,1,0,11.509537042002194,0,11.50852108298568,,25492,0,25,0,0
9,5,crash,dev,B,ok,1,1,1,0,1.0913130000117235,1.090957125008572,0,1.0,0,0,0,1019,162
10,5,crash,dev,A,ok,1,1,1,0,12.799839833984151,0,12.784369874978438,,25492,21760,25,0,0
10,5,crash,dev,B,ok,1,1,1,0,0.9696471670176834,0.9686460829689167,0,1.0,0,0,0,1019,162
11,6,rn,dev,A,ok,1,1,1,0,13.928879290993791,0,13.927410707983654,,25299,0,22,0,0
11,6,rn,dev,B,ok,1,1,1,0,1.174476540996693,1.1740277500357479,0,0.99,0,0,0,889,143
12,6,rn,dev,A,ok,1,1,1,0,9.935819416015875,0,9.934406957996543,,25292,0,22,0,0
12,6,rn,dev,B,ok,1,1,1,0,1.1080465840059333,1.1068809169810265,0,0.93,0,0,0,879,143
13,6,rn,dev,A,ok,1,1,1,0,10.459590208018199,0,10.45703545800643,,25293,0,25,0,0
13,6,rn,dev,B,ok,1,1,1,0,1.1430856669903733,1.1422167909913696,0,0.99,0,0,0,876,146
14,6,rn,dev,A,ok,1,1,1,0,9.626212041999679,0,9.624598291004077,,25288,0,25,0,0
14,6,rn,dev,B,ok,1,1,1,0,1.1620990000083111,1.1606859580497257,0,0.79,0,0,0,872,146
15,6,rn,dev,A,ok,1,1,1,0,13.741430333000608,0,13.739116334007122,,25282,0,21,0,0
15,6,rn,dev,B,ok,1,1,1,0,1.0222375000012107,1.0217980830348097,0,0.99,0,0,0,866,142
16,6,rn,dev,A,ok,1,1,1,0,10.526882292004302,0,10.524947249970865,,25284,21760,21,0,0
16,6,rn,dev,B,ok,1,1,1,0,0.8386762500158511,0.8372945829760283,0,1.0,0,0,0,867,142
17,6,rn,dev,A,ok,1,1,1,0,14.543471042008605,0,14.54256633296609,,25289,0,21,0,0
17,6,rn,dev,B,ok,1,1,1,0,1.0043463750043884,1.003545707964804,0,0.98,0,0,0,872,142
18,6,rn,dev,A,ok,1,1,1,0,7.946303292002995,0,7.945082458027173,,25296,21760,25,0,0
18,6,rn,dev,B,ok,1,1,1,0,0.8433255829731934,0.8429879999603145,0,0.94,0,0,0,891,144
19,6,rn,dev,A,ok,1,1,1,0,13.248623374965973,0,13.24743116600439,,25297,0,25,0,0
19,6,rn,dev,B,ok,1,1,1,0,0.8595000840141438,0.8590944160241634,0,0.84,0,0,0,880,144
20,6,rn,dev,A,ok,1,1,1,0,9.657678208022844,0,9.65671112498967,,25283,0,25,0,0
20,6,rn,dev,B,ok,1,1,1,0,1.2629710410255939,1.262430457980372,0,0.92,0,0,0,883,144
21,7,mr,dev,A,ok,1,1,1,0,9.398966125037987,0,9.397988333017565,,25146,0,23,0,0
21,7,mr,dev,B,ok,1,1,1,0,0.8477367089944892,0.8473598329583183,0,0.99,0,0,0,640,97
22,7,mr,dev,A,ok,1,1,1,0,12.420012124988716,0,12.418237374979071,,25145,21760,22,0,0
22,7,mr,dev,B,ok,1,1,1,0,0.9587592500029132,0.9573643750045449,0,0.99,0,0,0,639,96
23,8,mr,dev,A,ok,1,1,1,0,7.577245666994713,0,7.575956167012919,,25164,0,23,0,0
23,8,mr,dev,B,ok,1,1,1,0,0.8625957079930231,0.8622062089852989,0,0.96,0,0,0,658,97
24,8,mr,dev,A,ok,1,1,1,0,15.116308333002962,0,15.115194707992487,,25173,0,22,0,0
24,8,mr,dev,B,ok,1,1,1,0,1.1435500420047902,1.1428440420422703,0,0.38,0,0,0,667,97
25,9,mr,dev,A,ok,1,1,1,0,10.279008625017013,0,10.277230457984842,,25135,0,23,0,0
25,9,mr,dev,B,ok,1,1,1,0,1.4522070829989389,1.451883582980372,0,0.97,0,0,0,630,97
26,9,mr,dev,A,ok,1,1,1,0,8.956638916977681,0,8.955558833025862,,25135,0,22,0,0
26,9,mr,dev,B,ok,1,1,1,0,0.8594408750068396,0.8579991249716841,0,0.99,0,0,0,630,96
27,10,mr,dev,A,ok,1,1,1,0,13.675333167018835,0,13.67364383302629,,25137,21760,23,0,0
27,10,mr,dev,B,ok,1,1,1,0,0.9730975000420585,0.9724635829916224,0,0.97,0,0,0,631,97
28,10,mr,dev,A,ok,1,1,1,0,10.143536959018093,0,10.141615750035271,,25135,0,22,0,0
28,10,mr,dev,B,ok,1,1,1,0,1.0235197910224088,1.0225607919855975,0,0.89,0,0,0,627,96
29,11,mr,dev,A,ok,1,1,1,0,7.783545124984812,0,7.782154667016584,,25160,0,23,0,0
29,11,mr,dev,B,ok,0,0,0,0,0.8498400419484824,0.8492874579969794,0,0.35,0,0,0,661,96
30,11,mr,dev,A,ok,1,1,1,0,12.902972459036391,0,12.901859916979447,,25182,0,22,0,0
30,11,mr,dev,B,ok,0,1,0,0,0.9340531249763444,0.933380667003803,0,0.26,0,0,0,680,94
31,12,snake,dev,A,ok,1,1,1,0,14.655837916012388,0,14.654737124976236,,25016,19072,20,0,0
31,12,snake,dev,B,ok,0,1,0,0,1.1802925410447642,1.1797139589907601,0,0.25,0,0,0,562,83
32,12,snake,dev,A,ok,1,1,1,0,10.665732167020906,0,10.663216166954953,,25006,21760,21,0,0
32,12,snake,dev,B,ok,1,1,1,0,0.8733435420435853,0.8719401250127703,0,0.86,0,0,0,555,88
33,12,snake,dev,A,ok,1,1,1,0,10.68425891600782,0,10.681431541976053,,25016,0,21,0,0
33,12,snake,dev,B,ok,1,1,1,0,1.1379145830287598,1.135424125008285,0,0.89,0,0,0,562,88
34,12,snake,dev,A,ok,1,1,1,0,9.679097875021398,0,9.677347500051837,,25008,0,21,0,0
34,12,snake,dev,B,ok,1,1,1,0,0.9253634579945356,0.9245210830122232,0,0.99,0,0,0,556,88
35,12,snake,dev,A,ok,1,1,1,0,10.322496875014622,0,10.321015624969732,,25018,0,20,0,0
35,12,snake,dev,B,ok,1,1,1,0,0.8792030829936266,0.8786337500205263,0,0.39,0,0,0,565,83
36,13,snake,dev,A,ok,1,1,1,0,11.92340037500253,0,11.921332333004102,,25020,21760,20,0,0
36,13,snake,dev,B,ok,1,1,1,0,0.9282347910339013,0.9275064170360565,0,0.91,0,0,0,565,83
37,13,snake,dev,A,ok,1,1,1,0,13.422275500022806,0,13.421385499997996,,25008,0,21,0,0
37,13,snake,dev,B,ok,1,1,1,0,1.11859337502392,1.1181840829667635,0,0.99,0,0,0,554,88
38,13,snake,dev,A,error,0,0,0,0,7.060348249971867,0,7.059523332980461,,,,,0,0
38,13,snake,dev,B,ok,0,1,0,0,0.8208106670062989,0.8203430420253426,0,0.27,0,0,0,565,88
39,13,snake,dev,A,ok,1,1,1,0,11.273781042022165,0,11.271737416042015,,25008,0,21,0,0
39,13,snake,dev,B,ok,1,1,1,0,1.0985448749852367,1.0975159160443582,0,0.95,0,0,0,554,88
40,13,snake,dev,A,ok,1,1,1,0,9.201355915982276,0,9.199525667005219,,25019,0,20,0,0
40,13,snake,dev,B,ok,1,1,1,0,0.8435651250183582,0.8427980419946834,0,0.72,0,0,0,564,83
41,14,crash,repeat,A,ok,1,1,1,0,15.061697833996732,0,15.060285375046078,,25496,21760,24,0,0
41,14,crash,repeat,B,ok,1,1,1,0,1.13491016702028,1.1334720409940928,0,0.94,0,0,0,1017,158
41,14,crash,repeat,C,ok,1,1,1,1,0.9423879589885473,0.941788042022381,0,0.95,0,0,0,1017,158
41,14,crash,repeat,A,ok,1,1,1,0,13.360449833970051,0,13.358451000007335,,27240,19200,24,0,0
41,14,crash,repeat,B,error,0,0,0,0,0.7763958330033347,0.7742348749889061,0,0.0,0,0,0,,
41,14,crash,repeat,C,ok,1,1,1,0,9.83222725003725,0.8045902089797892,9.02361245895736,0.0,25526,21760,24,,
42,15,crash,repeat,A,ok,1,1,1,0,9.386816000042018,0,9.385003666975535,,25506,21760,26,0,0
42,15,crash,repeat,B,error,0,0,0,0,0.9949082909733988,0.9942133750300854,0,0.0,0,0,0,,
42,15,crash,repeat,C,ok,1,1,1,0,9.958463500021026,0.984167458023876,8.968822165974416,0.0,25536,21760,26,,
42,15,crash,repeat,A,ok,1,1,1,0,13.147972250008024,0,13.146648499998264,,25506,21760,26,0,0
42,15,crash,repeat,B,ok,1,1,1,0,0.8711291659856215,0.8704854579991661,0,1.0,0,0,0,1026,161
42,15,crash,repeat,C,ok,1,1,1,0,10.015774416038767,0.7929745000437833,9.22049270896241,0.0,25536,21760,26,,
43,16,crash,repeat,A,ok,1,1,1,0,9.410239207965788,0,9.408984833047725,,25512,0,23,0,0
43,16,crash,repeat,B,ok,1,1,1,0,0.8737693330040202,0.8727000410435721,0,0.99,0,0,0,1035,158
43,16,crash,repeat,C,ok,1,1,1,1,2.0337252499884926,2.0323325420031324,0,0.99,0,0,0,1035,158
43,16,crash,repeat,A,ok,1,1,1,0,8.918904791004024,0,8.917314874997828,,25512,21760,23,0,0
43,16,crash,repeat,B,ok,1,1,1,0,0.9990009170142002,0.9972719999495894,0,0.99,0,0,0,1035,158
43,16,crash,repeat,C,ok,1,1,1,1,1.0976062910049222,1.0965631669969298,0,0.99,0,0,0,1035,158
44,17,crash,repeat,A,ok,1,1,1,0,9.511134458996821,0,9.509232458018232,,25482,21760,23,0,0
44,17,crash,repeat,B,ok,1,1,1,0,0.8899979590205476,0.8890005419962108,0,0.99,0,0,0,1000,157
44,17,crash,repeat,C,ok,1,1,1,1,1.0776405830401927,1.076707583037205,0,0.99,0,0,0,1000,157
44,17,crash,repeat,A,ok,1,1,1,0,8.2666607919964,0,8.264379500003997,,25482,0,23,0,0
44,17,crash,repeat,B,error,0,0,0,0,0.7443344999919645,0.7437158340471797,0,0.0,0,0,0,,
44,17,crash,repeat,C,ok,1,1,1,0,10.46367879101308,1.2348904579994269,9.226236290996894,0.0,25512,0,23,,
45,18,rn,repeat,A,ok,1,1,1,0,16.161324249987956,0,16.158409084018786,,25305,21760,22,0,0
45,18,rn,repeat,B,ok,1,1,1,0,1.2116994999814779,1.2106331250397488,0,0.7,0,0,0,872,143
45,18,rn,repeat,C,ok,1,1,1,1,1.4546905839815736,1.4536292080301791,0,0.63,0,0,0,872,143
45,18,rn,repeat,A,ok,1,1,1,0,7.932585500006098,0,7.930273792007938,,25305,21760,22,0,0
45,18,rn,repeat,B,ok,1,1,1,0,0.9103920829948038,0.9093152079731226,0,0.62,0,0,0,872,143
45,18,rn,repeat,C,ok,1,1,1,0,10.2723180000321,0.7823402910144068,9.486862584017217,0.0,25335,21760,22,,
46,18,rn,repeat,A,ok,1,1,1,0,9.507983667019289,0,9.506287042051554,,25308,19200,25,0,0
46,18,rn,repeat,B,error,0,0,0,0,0.8255289579974487,0.8248534169979393,0,0.0,0,0,0,,
46,18,rn,repeat,C,ok,1,1,1,0,16.08903095801361,1.034358291013632,15.05148216697853,0.0,25338,21760,25,,
46,18,rn,repeat,A,ok,1,1,1,0,8.289856458024587,0,8.287972749967594,,25308,0,25,0,0
46,18,rn,repeat,B,ok,1,1,1,0,0.9238363749464042,0.9225219159852713,0,0.4,0,0,0,885,146
46,18,rn,repeat,C,ok,1,1,1,0,10.105892417021096,0.9081471250392497,9.195880833023693,0.47,25355,0,25,885,146
47,18,rn,repeat,A,ok,1,1,1,0,9.806234750023577,0,9.804908999998588,,25334,21760,25,0,0
47,18,rn,repeat,B,ok,1,1,1,0,1.0518067499506287,1.0510257079731673,0,0.85,0,0,0,931,146
47,18,rn,repeat,C,ok,1,1,1,1,1.0957855840097181,1.095232332998421,0,0.86,0,0,0,931,146
47,18,rn,repeat,A,ok,1,1,1,0,9.233298500010278,0,9.23112841596594,,25334,21760,25,0,0
47,18,rn,repeat,B,ok,1,1,1,0,1.0260611669509672,1.0255117079941556,0,0.87,0,0,0,931,146
47,18,rn,repeat,C,ok,1,1,1,1,1.0301198340021074,1.0288752909982577,0,0.84,0,0,0,931,146
48,18,rn,repeat,A,ok,1,1,1,0,8.404951542033814,0,8.40291879203869,,25302,0,21,0,0
48,18,rn,repeat,B,ok,1,1,1,0,0.9971575000090525,0.9958604170242324,0,0.97,0,0,0,871,142
48,18,rn,repeat,C,ok,1,1,1,1,1.3898729999782518,1.3893502909922972,0,0.97,0,0,0,871,142
48,18,rn,repeat,A,ok,1,1,1,0,9.330579500005115,0,9.329258334008045,,25302,21760,21,0,0
48,18,rn,repeat,B,error,0,0,0,0,2.288980207988061,2.287821540958248,0,0.0,0,0,0,,
48,18,rn,repeat,C,ok,1,1,1,0,8.946704292029608,0.7966536250314675,8.146379958023317,0.0,25332,21760,21,,
49,19,mr,repeat,A,ok,1,1,1,0,9.11293125001248,0,9.111622709024232,,25143,0,22,0,0
49,19,mr,repeat,B,ok,1,1,1,0,1.2690574590233155,1.2682572499616072,0,0.98,0,0,0,630,96
49,19,mr,repeat,C,ok,1,1,1,1,0.9779435839736834,0.9771629999740981,0,0.98,0,0,0,630,96
49,19,mr,repeat,A,ok,1,1,1,0,19.558557666954584,0,19.55709333298728,,25143,21760,22,0,0
49,19,mr,repeat,B,ok,1,1,1,0,1.0116376660298556,1.010789250023663,0,0.98,0,0,0,630,96
49,19,mr,repeat,C,ok,1,1,1,1,0.9945693329791538,0.9941362909739837,0,0.98,0,0,0,630,96
50,20,mr,repeat,A,ok,1,1,1,0,10.42292483302299,0,10.421921709028538,,25166,0,22,0,0
50,20,mr,repeat,B,error,0,0,0,0,0.8530887920060195,0.8518274580128491,0,0.0,0,0,0,,
50,20,mr,repeat,C,ok,1,1,1,0,46.81898649997311,34.38524866697844,12.432327207992785,0.0,25196,21760,22,,
50,20,mr,repeat,A,ok,1,1,1,0,7.9618976669735275,0,7.959774459013715,,25166,21760,22,0,0
50,20,mr,repeat,B,error,0,0,0,0,0.7949282909976318,0.7942177499644458,0,0.0,0,0,0,,
50,20,mr,repeat,C,ok,1,1,1,0,11.646592584031168,0.8137798329698853,10.830387750000227,0.0,25196,21760,22,,
51,21,mr,repeat,A,ok,1,1,1,0,9.184336958045606,0,9.181325749959797,,25146,21760,23,0,0
51,21,mr,repeat,B,ok,1,1,1,0,1.181393750011921,1.181019917014055,0,0.97,0,0,0,633,97
51,21,mr,repeat,C,ok,1,1,1,1,1.0473820000188425,1.0464665410108864,0,0.97,0,0,0,633,97
51,21,mr,repeat,A,ok,1,1,1,0,8.30345537501853,0,8.301802749978378,,25146,0,23,0,0
51,21,mr,repeat,B,ok,1,1,1,0,0.954209792020265,0.953484124969691,0,0.97,0,0,0,633,97
51,21,mr,repeat,C,ok,1,1,1,0,42.22686837502988,31.622076915984508,10.600213458004873,0.0,25176,21760,23,,
52,22,mr,repeat,A,ok,1,1,1,0,8.128605208999943,0,8.126320667041,,25164,0,23,0,0
52,22,mr,repeat,B,ok,1,1,1,0,0.8633916249964386,0.8622849999810569,0,0.9,0,0,0,651,97
52,22,mr,repeat,C,ok,1,1,1,1,1.14432050002506,1.1437195829930715,0,0.83,0,0,0,651,97
52,22,mr,repeat,A,ok,1,1,1,0,17.967940000002272,0,17.966719624993857,,25164,21760,23,0,0
52,22,mr,repeat,B,ok,1,1,1,0,0.8515957089839503,0.8510717090102844,0,0.88,0,0,0,651,97
52,22,mr,repeat,C,ok,1,1,1,1,0.870451333001256,0.8697590410010889,0,0.9,0,0,0,651,97
53,23,snake,repeat,A,ok,1,1,1,0,13.069846124970354,0,13.068180333008058,,25036,0,21,0,0
53,23,snake,repeat,B,ok,0,0,0,0,0.8427090420154855,0.8421654589474201,0,0.76,0,0,0,574,83
53,23,snake,repeat,C,ok,0,0,0,1,0.9011250409530476,0.9002352089737542,0,0.72,0,0,0,574,83
53,23,snake,repeat,A,ok,1,1,1,0,9.783265915990341,0,9.781392584030982,,25036,21760,21,0,0
53,23,snake,repeat,B,ok,0,0,0,0,1.1142880409606732,1.1129581250133924,0,0.83,0,0,0,574,83
53,23,snake,repeat,C,ok,0,0,0,1,0.9040314590092748,0.9029747500317171,0,0.81,0,0,0,574,83
54,23,snake,repeat,A,ok,1,1,1,0,8.735972541035153,0,8.734226542001124,,25035,21760,21,0,0
54,23,snake,repeat,B,ok,1,1,1,0,1.065951541007962,1.0648949579917826,0,0.79,0,0,0,573,88
54,23,snake,repeat,C,ok,1,1,1,1,1.028579042002093,1.0270317500107922,0,0.87,0,0,0,573,88
54,23,snake,repeat,A,ok,1,1,1,0,8.727663500001654,0,8.726290167018306,,25035,21760,21,0,0
54,23,snake,repeat,B,error,0,0,0,0,0.7815262080403045,0.7811555420048535,0,0.0,0,0,0,,
54,23,snake,repeat,C,ok,1,1,1,0,9.531788207998034,0.776770582946483,8.75318125000922,0.0,25065,21760,21,,
55,24,snake,repeat,A,ok,1,1,1,0,14.794483207981102,0,14.79320104100043,,26802,0,91,0,0
55,24,snake,repeat,B,error,0,0,0,0,0.7741148330387659,0.7735158340074122,0,0.0,0,0,0,,
55,24,snake,repeat,C,ok,1,1,1,0,10.864419625024311,0.8032954999944195,10.058210416988004,0.0,25088,21760,72,,
55,24,snake,repeat,A,ok,1,1,1,0,12.514403499953914,0,12.512434000032954,,25058,21760,86,0,0
55,24,snake,repeat,B,ok,0,1,0,0,0.8908559590345249,0.8896965829771943,0,0.32,0,0,0,599,88
55,24,snake,repeat,C,ok,1,1,1,0,12.485155957983807,0.8518823749618605,11.629786790988874,0.28,25101,21760,91,599,88
56,25,snake,repeat,A,ok,1,1,1,0,11.50853587500751,0,11.506521125033032,,25038,21760,21,0,0
56,25,snake,repeat,B,error,0,0,0,0,1.4215543339960277,1.42031150002731,0,0.0,0,0,0,,
56,25,snake,repeat,C,ok,1,1,1,0,13.073048332997132,1.1280843749991618,11.940818583010696,0.0,25068,21760,21,,
56,25,snake,repeat,A,ok,1,1,1,0,9.129568667034619,0,9.127495666965842,,25038,21760,21,0,0
56,25,snake,repeat,B,ok,0,1,0,0,0.9582170840003528,0.9578463329817168,0,0.25,0,0,0,573,88
56,25,snake,repeat,C,ok,1,1,1,0,45.45022783300374,34.52096574997995,10.927124999987427,0.0,25068,21760,21,,
57,26,crash,test,A,ok,1,1,1,0,7.723755499988329,0,7.721849750028923,,25474,0,23,0,0
57,26,crash,test,B,ok,1,1,1,0,1.0488730000215583,1.0481871660449542,0,1.0,0,0,0,1000,157
57,26,crash,test,C,ok,1,1,1,1,1.074011457967572,1.0735774579807185,0,0.99,0,0,0,1000,157
58,26,crash,test,A,ok,1,1,1,0,10.853935292048845,0,10.852241082990076,,25474,0,23,0,0
58,26,crash,test,B,ok,1,1,1,0,0.9424703749828041,0.941899208992254,0,0.99,0,0,0,1000,157
58,26,crash,test,C,ok,1,1,1,1,1.0987715829978697,1.0979374590096995,0,0.99,0,0,0,1000,157
41,14,crash,test,A,ok,1,1,1,0,8.299713416025043,0,8.298739499994554,,25488,0,24,0,0
41,14,crash,test,B,ok,1,1,1,0,1.0647615420166403,1.0571851250133477,0,0.94,0,0,0,1017,158
41,14,crash,test,C,ok,1,1,1,1,0.9386930000036955,0.9381259999936447,0,0.96,0,0,0,1017,158
59,14,crash,test,A,ok,1,1,1,0,10.158005625009537,0,10.156463166000322,,25488,21760,24,0,0
59,14,crash,test,B,ok,1,1,1,0,3.1206306670210324,3.1201953340205364,0,0.96,0,0,0,1017,158
59,14,crash,test,C,ok,1,1,1,1,0.8474264169926755,0.846639207971748,0,0.95,0,0,0,1017,158
60,27,crash,test,A,ok,1,1,1,0,9.834101125015877,0,9.832630415970925,,25482,21760,26,0,0
60,27,crash,test,B,ok,1,1,1,0,0.8746594580006786,0.8734516249969602,0,1.0,0,0,0,1013,161
60,27,crash,test,C,ok,1,1,1,1,0.8805767499725334,0.8791824159561656,0,0.99,0,0,0,1013,161
61,27,crash,test,A,ok,1,1,1,0,9.636339874996338,0,9.63502729096217,,25482,0,26,0,0
61,27,crash,test,B,ok,1,1,1,0,1.130502624961082,1.1300352910184301,0,0.99,0,0,0,1013,161
61,27,crash,test,C,ok,1,1,1,1,1.1532090419786982,1.1528430830221623,0,0.99,0,0,0,1013,161
62,28,crash,test,A,ok,1,1,1,0,8.1522402499686,0,8.150173083995469,,25499,0,26,0,0
62,28,crash,test,B,ok,1,1,1,0,0.8486582080367953,0.8456172089790925,0,1.0,0,0,0,1032,161
62,28,crash,test,C,ok,1,1,1,1,1.0464725409983657,1.045003374980297,0,1.0,0,0,0,1032,161
63,28,crash,test,A,ok,1,1,1,0,8.55488733301172,0,8.553591375006363,,25499,21760,26,0,0
63,28,crash,test,B,ok,1,1,1,0,0.8833655830239877,0.8826086249900982,0,1.0,0,0,0,1032,161
63,28,crash,test,C,ok,1,1,1,1,0.8604432920110412,0.8600526669761166,0,1.0,0,0,0,1032,161
64,29,crash,test,A,ok,1,1,1,0,12.807988124957774,0,12.806611125008203,,25476,21760,26,0,0
64,29,crash,test,B,ok,1,1,1,0,0.9201480000047013,0.9197889999486506,0,0.99,0,0,0,1003,161
64,29,crash,test,C,ok,1,1,1,1,0.8493620830122381,0.8486722499947064,0,0.98,0,0,0,1003,161
65,29,crash,test,A,ok,1,1,1,0,10.132844624982681,0,10.131147917010821,,25476,21760,26,0,0
65,29,crash,test,B,ok,1,1,1,0,0.89242774999002,0.891365792020224,0,0.99,0,0,0,1004,161
65,29,crash,test,C,ok,1,1,1,1,0.8594828330096789,0.8584701670333743,0,0.99,0,0,0,1004,161
42,15,crash,test,A,ok,1,1,1,0,8.532047250017058,0,8.529753957991488,,27242,0,26,0,0
42,15,crash,test,B,ok,1,1,1,0,1.1016731670242734,1.1009305829647928,0,1.0,0,0,0,1026,161
42,15,crash,test,C,ok,1,1,1,1,1.0727242919965647,1.0723372079664841,0,1.0,0,0,0,1026,161
66,15,crash,test,A,ok,1,1,1,0,8.523309791984502,0,8.522154875041451,,25498,21760,26,0,0
66,15,crash,test,B,ok,1,1,1,0,0.8434517089626752,0.8425222910009325,0,0.99,0,0,0,1028,161
66,15,crash,test,C,ok,1,1,1,1,0.8024031249806285,0.8016239170101471,0,1.0,0,0,0,1028,161
67,30,crash,test,A,ok,1,1,1,0,8.452953499974683,0,8.45202683401294,,25511,0,24,0,0
67,30,crash,test,B,ok,1,1,1,0,1.4176345000159927,1.4172803749679588,0,0.95,0,0,0,1045,158
67,30,crash,test,C,ok,1,1,1,1,0.8618809579638764,0.861086749995593,0,0.95,0,0,0,1045,158
68,30,crash,test,A,ok,1,1,1,0,12.073272957990412,0,12.071202332968824,,25511,21760,24,0,0
68,30,crash,test,B,ok,1,1,1,0,1.0818242499954067,1.0813353330013342,0,0.96,0,0,0,1045,158
68,30,crash,test,C,ok,1,1,1,1,0.8478913339786232,0.8472485409583896,0,0.96,0,0,0,1045,158
69,31,crash,test,A,ok,1,1,1,0,9.71995954203885,0,9.717998416977935,,25531,0,23,0,0
69,31,crash,test,B,ok,1,1,1,0,0.8707095000427216,0.8703398340148851,0,0.99,0,0,0,1067,158
69,31,crash,test,C,ok,1,1,1,1,0.9973953330190852,0.9963080000015907,0,0.99,0,0,0,1067,158
70,31,crash,test,A,ok,1,1,1,0,8.795036791998427,0,8.793707000033464,,25531,0,23,0,0
70,31,crash,test,B,ok,1,1,1,0,0.8353916250052862,0.8349439169978723,0,0.99,0,0,0,1067,158
70,31,crash,test,C,ok,1,1,1,1,0.897432750032749,0.8970242500072345,0,0.99,0,0,0,1067,158
71,16,crash,test,A,ok,1,1,1,0,8.860195999965072,0,8.858866167021915,,25504,0,23,0,0
71,16,crash,test,B,ok,1,1,1,0,0.8336237499606796,0.8329023339902051,0,0.99,0,0,0,1033,158
71,16,crash,test,C,ok,1,1,1,1,0.8931322919670492,0.8896728749969043,0,0.99,0,0,0,1033,158
43,16,crash,test,A,ok,1,1,1,0,10.366937457991298,0,10.365957707981579,,25504,0,23,0,0
43,16,crash,test,B,ok,1,1,1,0,2.546109458024148,2.5452751250122674,0,0.99,0,0,0,1035,158
43,16,crash,test,C,ok,1,1,1,1,0.8365322080207989,0.8360552920494229,0,0.99,0,0,0,1035,158
72,17,crash,test,A,ok,1,1,1,0,7.523025250004139,0,7.521892958029639,,25474,21760,23,0,0
72,17,crash,test,B,ok,1,1,1,0,0.8624301250092685,0.8621129170060158,0,0.99,0,0,0,1000,157
72,17,crash,test,C,ok,1,1,1,1,1.0082505000173114,1.0076435839873739,0,1.0,0,0,0,1000,157
44,17,crash,test,A,ok,1,1,1,0,9.575680000009015,0,9.573648457997479,,25474,0,23,0,0
44,17,crash,test,B,ok,1,1,1,0,0.8408687919727527,0.8404615829931572,0,1.0,0,0,0,1000,157
44,17,crash,test,C,ok,1,1,1,1,0.8605494999792427,0.8598747919895686,0,0.99,0,0,0,1000,157
73,18,rn,test,A,ok,1,1,1,0,9.27961879200302,0,9.278217042039614,,25288,0,22,0,0
73,18,rn,test,B,ok,1,1,1,0,0.8733877910417505,0.8728748339926824,0,0.99,0,0,0,864,143
73,18,rn,test,C,ok,1,1,1,1,0.851760083984118,0.8506544159608893,0,0.99,0,0,0,864,143
45,18,rn,test,A,ok,1,1,1,0,11.15447424998274,0,11.151735458057374,,25297,21760,22,0,0
45,18,rn,test,B,ok,1,1,1,0,1.0395853749942034,1.0391885829740204,0,0.74,0,0,0,872,143
45,18,rn,test,C,ok,1,1,1,1,0.9518439169623889,0.9510457090218551,0,0.75,0,0,0,872,143
74,18,rn,test,A,ok,1,1,1,0,7.890378209005576,0,7.889237125054933,,25311,21760,22,0,0
74,18,rn,test,B,ok,1,0,0,0,0.8735425000195391,0.8731683749938384,0,0.38,0,0,0,903,146
74,18,rn,test,C,ok,1,1,1,0,13.35230504203355,1.0541027910076082,12.296404333028477,0.46,25355,0,22,903,143
75,18,rn,test,A,ok,1,1,1,0,7.846588124986738,0,7.844160624954384,,25322,0,22,0,0
75,18,rn,test,B,ok,1,1,1,0,0.8395996670005843,0.8387700419989415,0,0.96,0,0,0,917,143
75,18,rn,test,C,ok,1,1,1,1,1.287982292007655,1.2866046670242213,0,0.94,0,0,0,917,143
76,18,rn,test,A,ok,1,1,1,0,8.571448166971095,0,8.569527374987956,,25299,0,22,0,0
76,18,rn,test,B,ok,1,1,1,0,0.8820960829616524,0.881730624998454,0,0.95,0,0,0,874,143
76,18,rn,test,C,ok,1,1,1,1,0.8567650829791091,0.8559122500009835,0,0.96,0,0,0,874,143
77,18,rn,test,A,ok,1,1,1,0,15.53401495795697,0,15.532841584004927,,25322,21760,22,0,0
77,18,rn,test,B,ok,1,1,1,0,0.8635800419724546,0.8619515000027604,0,0.97,0,0,0,921,143
77,18,rn,test,C,ok,1,1,1,1,1.0626332089887,1.0622297909576446,0,0.97,0,0,0,921,143
78,18,rn,test,A,ok,1,1,1,0,9.378000499971677,0,9.376648708013818,,25321,21760,22,0,0
78,18,rn,test,B,ok,0,1,0,0,0.8616426250082441,0.8592289999942295,0,0.25,0,0,0,918,141
78,18,rn,test,C,ok,1,1,1,0,9.874576875008643,0.8636726669501513,9.007989458972588,0.29,25365,21760,22,918,143
46,18,rn,test,A,ok,1,1,1,0,11.488554249983281,0,11.475459042005241,,25300,21760,25,0,0
46,18,rn,test,B,ok,1,1,1,0,0.842560249962844,0.8413932920084335,0,0.36,0,0,0,885,146
46,18,rn,test,C,ok,1,1,1,0,9.80787754204357,1.042337667022366,8.763451790960971,0.41,25347,21760,25,885,146
79,18,rn,test,A,ok,1,1,1,0,9.14223045896506,0,9.140662124962546,,25312,21760,25,0,0
79,18,rn,test,B,ok,1,1,1,0,0.8542511250125244,0.853291250008624,0,0.71,0,0,0,904,146
79,18,rn,test,C,ok,1,1,1,1,1.0372088749427348,1.03676520899171,0,0.72,0,0,0,904,146
80,18,rn,test,A,ok,1,1,1,0,8.263996082998347,0,8.261899874953087,,25318,0,25,0,0
80,18,rn,test,B,ok,1,0,0,0,1.0379975420073606,1.0367557919817045,0,0.51,0,0,0,908,149
80,18,rn,test,C,ok,1,0,0,1,0.8723191249882802,0.8718207500060089,0,0.6,0,0,0,908,149
81,18,rn,test,A,ok,1,1,1,0,7.885452291986439,0,7.884525458037388,,25295,0,25,0,0
81,18,rn,test,B,ok,0,1,0,0,0.8981546660070308,0.8974416669807397,0,0.29,0,0,0,879,146
81,18,rn,test,C,ok,1,1,1,0,9.771648833993822,1.0963330829981714,8.673112709017005,0.29,25342,0,52,879,146
47,18,rn,test,A,ok,1,1,1,0,9.291647625039332,0,9.289309541985858,,25326,21760,25,0,0
47,18,rn,test,B,ok,1,1,1,0,0.8434806250152178,0.8424146670149639,0,0.88,0,0,0,931,146
47,18,rn,test,C,ok,1,1,1,1,0.8877333329874091,0.8865476250066422,0,0.83,0,0,0,931,146
82,18,rn,test,A,ok,0,0,0,0,9.518947541015223,0,9.517659540986642,,25321,0,82,0,0
82,18,rn,test,B,ok,0,0,0,0,0.8242805830086581,0.8238684170064516,0,0.42,0,0,0,913,146
82,18,rn,test,C,ok,0,0,0,0,13.921336792001966,1.311913707992062,12.60787058295682,0.41,25365,0,142,913,143
83,18,rn,test,A,ok,1,1,1,0,9.286291458993219,0,9.284687665989622,,25312,0,21,0,0
83,18,rn,test,B,ok,1,1,1,0,0.9377883750130422,0.9347464159945957,0,0.84,0,0,0,908,142
83,18,rn,test,C,ok,1,1,1,1,0.974773499998264,0.9740004999912344,0,0.84,0,0,0,908,142
84,18,rn,test,A,ok,1,1,1,0,8.836174125026446,0,8.83448491699528,,27052,0,21,0,0
84,18,rn,test,B,ok,1,1,1,0,1.3590059169800952,1.3574070000322536,0,0.79,0,0,0,896,142
84,18,rn,test,C,ok,1,1,1,1,1.0786148339975625,1.0777104169828817,0,0.78,0,0,0,896,142
85,18,rn,test,A,ok,0,0,0,0,10.651669208018575,0,10.649427917029243,,25327,0,87,0,0
85,18,rn,test,B,ok,1,0,0,0,0.800432791991625,0.7998587079928257,0,0.29,0,0,0,918,143
85,18,rn,test,C,ok,0,0,0,0,11.17030416597845,0.8738014159607701,10.292793000000529,0.28,25371,0,85,918,143
86,18,rn,test,A,ok,1,1,1,0,10.670282000035513,0,10.668959000031464,,25318,21760,21,0,0
86,18,rn,test,B,ok,1,1,1,0,0.9000979580450803,0.8993375829886645,0,1.0,0,0,0,912,142
86,18,rn,test,C,ok,1,1,1,1,0.8609360409900546,0.8604314579861239,0,1.0,0,0,0,912,142
48,18,rn,test,A,ok,1,1,1,0,8.682970041991211,0,8.678673042042647,,25294,21760,21,0,0
48,18,rn,test,B,ok,1,1,1,0,1.0961779169738293,1.0956752919591963,0,0.97,0,0,0,871,142
48,18,rn,test,C,ok,1,1,1,1,0.9982991670258343,0.9973648749873973,0,0.97,0,0,0,871,142
87,18,rn,test,A,ok,1,1,1,0,7.617997124965768,0,7.617331749992445,,25296,0,21,0,0
87,18,rn,test,B,ok,1,1,1,0,0.8701201250078157,0.8697210410027765,0,0.85,0,0,0,882,142
87,18,rn,test,C,ok,1,1,1,1,0.8495860839611851,0.8492459579720162,0,0.84,0,0,0,882,142
88,18,rn,test,A,ok,1,1,1,0,11.030394583009183,0,11.029516833019443,,25304,21760,21,0,0
88,18,rn,test,B,ok,1,1,1,0,0.8223133750143461,0.8219717920292169,0,0.74,0,0,0,891,142
88,18,rn,test,C,ok,1,1,1,1,0.8722251250292175,0.8716873329831287,0,0.78,0,0,0,891,142
89,32,mr,test,A,ok,1,1,1,0,12.940606707998086,0,12.939694040978793,,25138,21760,23,0,0
89,32,mr,test,B,ok,1,1,1,0,0.8922253340133466,0.8914823330123909,0,0.83,0,0,0,633,97
89,32,mr,test,C,ok,1,1,1,1,0.9049520409898832,0.9044778749812394,0,0.5,0,0,0,633,97
90,32,mr,test,A,ok,1,1,1,0,9.437554709031247,0,9.435103332973085,,25140,21760,22,0,0
90,32,mr,test,B,ok,1,1,1,0,0.8076231660088524,0.8069425419671461,0,0.98,0,0,0,635,96
90,32,mr,test,C,ok,1,1,1,1,0.9404392910073511,0.9394390000379644,0,0.98,0,0,0,635,96
91,33,mr,test,A,ok,1,1,1,0,8.052728583978023,0,8.05192283296492,,25139,0,23,0,0
91,33,mr,test,B,ok,1,1,1,0,1.0968628330156207,1.0960214579827152,0,0.98,0,0,0,639,97
91,33,mr,test,C,ok,1,1,1,1,0.8133063749992289,0.8128140000044368,0,0.92,0,0,0,639,97
92,33,mr,test,A,ok,1,1,1,0,15.805083792016376,0,15.803093458991498,,25150,0,22,0,0
92,33,mr,test,B,ok,1,1,1,0,0.8915990419918671,0.8909219999914058,0,0.51,0,0,0,648,97
92,33,mr,test,C,ok,1,1,1,1,0.91091537498869,0.9105465410393663,0,0.53,0,0,0,648,97
93,34,mr,test,A,ok,1,1,1,0,9.062001499987673,0,9.06091108295368,,25164,21760,23,0,0
93,34,mr,test,B,ok,1,1,1,0,0.9771514589665458,0.9768074169987813,0,0.96,0,0,0,663,97
93,34,mr,test,C,ok,1,1,1,1,0.8782195000094362,0.8776113750063814,0,0.96,0,0,0,663,97
94,34,mr,test,A,ok,1,1,1,0,10.673614334024023,0,10.67188358400017,,25138,21760,22,0,0
94,34,mr,test,B,ok,1,1,1,0,0.8571437500067987,0.8566679590148851,0,0.97,0,0,0,635,96
94,34,mr,test,C,ok,1,1,1,1,1.135602792026475,1.1350872089969926,0,0.95,0,0,0,635,96
95,19,mr,test,A,ok,1,1,1,0,9.809372875024565,0,9.80829850002192,,25146,21760,23,0,0
95,19,mr,test,B,ok,1,1,1,0,0.9124657500069588,0.9121631669695489,0,0.99,0,0,0,639,97
95,19,mr,test,C,ok,1,1,1,1,1.0211484580067918,1.0203482920187525,0,0.99,0,0,0,639,97
49,19,mr,test,A,ok,1,1,1,0,9.263885332969949,0,9.261698207992595,,25135,21760,22,0,0
49,19,mr,test,B,ok,1,1,1,0,1.0686270840233192,1.0678077500197105,0,0.98,0,0,0,630,96
49,19,mr,test,C,ok,1,1,1,1,0.8343010409735143,0.83322320895968,0,0.99,0,0,0,630,96
96,35,mr,test,A,ok,1,1,1,0,8.048379332991317,0,8.047092083026655,,25142,0,23,0,0
96,35,mr,test,B,ok,1,1,1,0,1.170109875034541,1.1696879160008393,0,0.96,0,0,0,649,97
96,35,mr,test,C,ok,1,1,1,1,0.8740084169548936,0.8736641670111567,0,0.96,0,0,0,649,97
97,35,mr,test,A,ok,1,1,1,0,8.049927125044633,0,8.048667041992303,,25160,21760,22,0,0
97,35,mr,test,B,ok,1,1,1,0,0.9103079999913462,0.9099218330229633,0,0.31,0,0,0,665,97
97,35,mr,test,C,ok,1,1,1,0,10.406149499991443,0.8319408750394359,9.572341167018749,0.3,25203,21760,22,665,94
98,36,mr,test,A,ok,1,1,1,0,10.204462083987892,0,10.20234012498986,,25149,21760,23,0,0
98,36,mr,test,B,ok,1,1,1,0,0.8530075840535574,0.8526252920273691,0,0.99,0,0,0,644,97
98,36,mr,test,C,ok,1,1,1,1,2.34127587499097,2.340581749973353,0,1.0,0,0,0,644,97
99,36,mr,test,A,ok,1,1,1,0,8.04228154203156,0,8.039770500035957,,25153,0,22,0,0
99,36,mr,test,B,ok,1,1,1,0,0.8942380420048721,0.893766290973872,0,0.99,0,0,0,648,96
99,36,mr,test,C,ok,1,1,1,1,0.9118546249810606,0.9106654589995742,0,0.99,0,0,0,648,96
100,37,mr,test,A,ok,1,1,1,0,12.22060241701547,0,12.2182401670143,,25139,21760,23,0,0
100,37,mr,test,B,ok,1,1,1,0,0.9034380409866571,0.902782124991063,0,0.78,0,0,0,634,97
100,37,mr,test,C,ok,1,1,1,1,0.8418562090373598,0.8398234999622218,0,0.73,0,0,0,634,97
101,37,mr,test,A,ok,1,1,1,0,14.073254625021946,0,14.071277750015724,,25138,21760,22,0,0
101,37,mr,test,B,ok,1,1,1,0,1.0593255829880945,1.058024000027217,0,0.96,0,0,0,633,96
101,37,mr,test,C,ok,1,1,1,1,2.4365605410421267,2.4360925829969347,0,0.97,0,0,0,633,96
102,20,mr,test,A,ok,1,1,1,0,8.604280833038501,0,8.602657082956284,,25144,0,23,0,0
102,20,mr,test,B,ok,1,1,1,0,0.9093829580233432,0.9085474580060691,0,1.0,0,0,0,634,97
102,20,mr,test,C,ok,1,1,1,1,0.8874870830331929,0.8865489579620771,0,1.0,0,0,0,634,97
50,20,mr,test,A,ok,1,1,1,0,10.391092415957246,0,10.389058375032619,,25158,21760,22,0,0
50,20,mr,test,B,ok,0,1,0,0,0.8716726250131615,0.8706590419751592,0,0.24,0,0,0,648,94
50,20,mr,test,C,ok,1,1,1,0,8.948774375021458,0.8277245000354014,8.118354165984783,0.27,25201,0,22,648,94
51,21,mr,test,A,ok,1,1,1,0,9.32497295801295,0,9.321947374963202,,26882,19072,23,0,0
51,21,mr,test,B,ok,1,1,1,0,0.8529906670446508,0.8515364169725217,0,0.96,0,0,0,633,97
51,21,mr,test,C,ok,1,1,1,1,0.860693667025771,0.860194250009954,0,0.97,0,0,0,633,97
103,21,mr,test,A,ok,1,1,1,0,11.265942584024742,0,11.2648879159824,,25139,21760,22,0,0
103,21,mr,test,B,ok,1,1,1,0,1.068438124959357,1.0680524170165882,0,0.99,0,0,0,634,96
103,21,mr,test,C,ok,1,1,1,1,1.038373582996428,1.0377441660384648,0,0.99,0,0,0,634,96
52,22,mr,test,A,ok,1,1,1,0,12.454456917010248,0,12.453400165948551,,25156,0,23,0,0
52,22,mr,test,B,ok,1,1,1,0,0.8208837080164813,0.8205124579835683,0,0.89,0,0,0,651,97
52,22,mr,test,C,ok,1,1,1,1,1.1329138340079226,1.1325295830029063,0,0.9,0,0,0,651,97
104,22,mr,test,A,ok,1,1,1,0,12.76909237500513,0,12.768189750029705,,25168,0,22,0,0
104,22,mr,test,B,ok,0,1,0,0,0.9481979999691248,0.9476962079643272,0,0.3,0,0,0,663,94
104,22,mr,test,C,ok,1,1,1,0,14.71021175000351,0.8423256660462357,13.86431208398426,0.28,25211,21760,22,663,94
105,23,snake,test,A,ok,1,1,1,0,10.158318041008897,0,10.155303917010315,,25028,0,20,0,0
105,23,snake,test,B,ok,1,1,1,0,0.8748511660378426,0.8736738749430515,0,0.88,0,0,0,574,83
105,23,snake,test,C,ok,1,1,1,1,1.2043904999736696,1.2031075420090929,0,0.81,0,0,0,574,83
53,23,snake,test,A,ok,1,1,1,0,9.692582666000817,0,9.690946291026194,,25028,21760,21,0,0
53,23,snake,test,B,ok,0,0,0,0,0.8375644999905489,0.8367805000161752,0,0.84,0,0,0,574,83
53,23,snake,test,C,ok,0,0,0,1,1.089850332995411,1.0885395419900306,0,0.79,0,0,0,574,83
54,23,snake,test,A,ok,1,1,1,0,9.128279542026576,0,9.126304584031459,,25027,21760,21,0,0
54,23,snake,test,B,ok,1,1,1,0,0.8338066249853,0.8334885839722119,0,0.87,0,0,0,573,88
54,23,snake,test,C,ok,1,1,1,1,0.8266603330266662,0.8248057090095244,0,0.89,0,0,0,573,88
106,23,snake,test,A,ok,1,1,1,0,7.994313000002876,0,7.9935001250123605,,25028,0,21,0,0
106,23,snake,test,B,ok,1,0,0,0,1.0875379159697331,1.087046917004045,0,0.37,0,0,0,574,83
106,23,snake,test,C,ok,1,1,1,0,8.661956042051315,0.8370553330169059,7.822700583026744,0.35,25070,0,21,574,83
107,23,snake,test,A,ok,1,1,1,0,8.817361416993663,0,8.815554458007682,,25032,0,20,0,0
107,23,snake,test,B,ok,1,1,1,0,0.8792847919976339,0.8775633329642005,0,0.93,0,0,0,578,83
107,23,snake,test,C,ok,1,1,1,1,1.053973792004399,1.0529635000275448,0,0.91,0,0,0,578,83
108,38,snake,test,A,ok,1,1,1,0,10.691258917038795,0,10.69005279103294,,25017,0,20,0,0
108,38,snake,test,B,ok,1,1,1,0,0.9224934590165503,0.9217122920090333,0,0.86,0,0,0,557,83
108,38,snake,test,C,ok,1,1,1,1,0.9886840410181321,0.9874694169848226,0,0.76,0,0,0,557,83
109,38,snake,test,A,ok,1,1,1,0,10.414421624969691,0,10.413505417003762,,25012,0,21,0,0
109,38,snake,test,B,ok,1,1,1,0,1.063544875010848,1.062957042013295,0,0.81,0,0,0,553,88
109,38,snake,test,C,ok,1,1,1,1,0.8647316249553114,0.8643545830273069,0,0.9,0,0,0,553,88
110,38,snake,test,A,ok,1,1,1,0,7.366615291975904,0,7.365795792022254,,25013,0,21,0,0
110,38,snake,test,B,ok,1,1,1,0,0.9782687500119209,0.9779824170400389,0,0.95,0,0,0,554,88
110,38,snake,test,C,ok,1,1,1,1,0.8482634159736335,0.8476948330062442,0,0.96,0,0,0,554,88
111,38,snake,test,A,ok,1,1,1,0,9.136537457990926,0,9.134895041992422,,25017,0,21,0,0
111,38,snake,test,B,ok,1,1,1,0,0.9280990419792943,0.9272857920150273,0,0.84,0,0,0,557,88
111,38,snake,test,C,ok,1,1,1,1,0.8731527500203811,0.8727092079934664,0,0.85,0,0,0,557,88
112,38,snake,test,A,ok,1,1,1,0,10.305610375013202,0,10.304441792017315,,25014,0,20,0,0
112,38,snake,test,B,ok,1,1,1,0,0.8455768750282004,0.8448584590223618,0,0.88,0,0,0,555,83
112,38,snake,test,C,ok,1,1,1,1,0.8572813749779016,0.856939457997214,0,0.87,0,0,0,555,83
113,24,snake,test,A,ok,1,1,1,0,10.096165499999188,0,10.094846082967706,,25060,0,109,0,0
113,24,snake,test,B,ok,1,1,1,0,1.0490832080249675,1.0483802079688758,0,0.44,0,0,0,609,83
113,24,snake,test,C,ok,1,1,1,0,11.64770883397432,0.9858851250028238,10.660583375021815,0.44,25102,0,77,609,83
55,24,snake,test,A,ok,1,1,1,0,10.487027916999068,0,10.485171624983195,,25050,0,100,0,0
55,24,snake,test,B,ok,0,1,0,0,0.8616537500056438,0.8612965829670429,0,0.28,0,0,0,599,88
55,24,snake,test,C,ok,1,1,1,0,11.792817750014365,0.9150346249807626,10.875231832964346,0.33,26837,19072,68,599,88
114,24,snake,test,A,ok,1,1,1,0,12.793418916000519,0,12.792183750018012,,25056,21760,116,0,0
114,24,snake,test,B,ok,1,1,1,0,1.072918625024613,1.0725412499741651,0,0.5,0,0,0,605,88
114,24,snake,test,C,ok,1,1,1,1,0.8542734590009786,0.8538927909685299,0,0.55,0,0,0,605,88
115,24,snake,test,A,ok,1,1,1,0,13.024479666957632,0,13.02312308299588,,25054,21760,154,0,0
115,24,snake,test,B,ok,1,1,1,0,1.1186781250289641,1.1179400000255555,0,0.3,0,0,0,603,88
115,24,snake,test,C,ok,1,1,1,0,19.302460499980953,1.2195028330315836,18.078829624981154,0.25,25097,21760,361,603,88
116,24,snake,test,A,ok,1,1,1,0,12.67171349999262,0,12.669021166977473,,25065,21760,107,0,0
116,24,snake,test,B,ok,0,0,0,0,0.9199073340278119,0.919288459001109,0,0.25,0,0,0,613,88
116,24,snake,test,C,ok,1,1,1,0,12.339338416990358,1.284889375034254,11.045132500003092,0.27,25107,21760,69,613,83
117,25,snake,test,A,ok,1,1,1,0,9.149114792002365,0,9.147604207973927,,25030,0,20,0,0
117,25,snake,test,B,ok,1,1,1,0,0.8490813749958761,0.848154874984175,0,0.91,0,0,0,573,83
117,25,snake,test,C,ok,1,1,1,1,1.032704167009797,1.031753417046275,0,0.89,0,0,0,573,83
118,25,snake,test,A,ok,1,1,1,0,10.042987333028577,0,10.041653125023004,,25030,21760,21,0,0
118,25,snake,test,B,ok,0,1,0,0,1.0358406670275144,1.03497920895461,0,0.4,0,0,0,573,88
118,25,snake,test,C,ok,1,1,1,0,10.473397416993976,1.0604195409687236,9.408302291994914,0.37,25073,21760,21,573,88
56,25,snake,test,A,ok,1,1,1,0,8.42007095797453,0,8.418550750007853,,25030,21760,21,0,0
56,25,snake,test,B,ok,0,1,0,0,0.8528395419707522,0.8522034169873223,0,0.34,0,0,0,573,88
56,25,snake,test,C,ok,1,1,1,0,12.879805875010788,1.0424034589668736,11.835002084029838,0.28,25073,21760,21,573,88
119,25,snake,test,A,ok,1,1,1,0,9.159739208000246,0,9.158511625020765,,25022,0,21,0,0
119,25,snake,test,B,ok,1,1,1,0,0.9103160420199856,0.9094032500288449,0,0.49,0,0,0,565,88
119,25,snake,test,C,ok,1,1,1,0,10.268012291984633,0.8594620419899002,9.40317512495676,0.4,25065,0,21,565,88
120,25,snake,test,A,ok,1,1,1,0,8.390195291955024,0,8.388674499990884,,25032,0,20,0,0
120,25,snake,test,B,ok,1,1,1,0,0.893849832995329,0.8932683329912834,0,0.9,0,0,0,574,83
120,25,snake,test,C,ok,1,1,1,1,0.8498695410089567,0.8492772079771385,0,0.89,0,0,0,574,83
